cohort_month,cohort_size,ret_30d,ltv_30d,ret_60d,ltv_60d,ret_90d,ltv_90d,ret_180d,ltv_180d,is_outlier
2016-09,1,0.0,134.97,0.0,134.97,0.0,134.97,0.0,134.97,False
2016-10,262,0.0,153.91263358778627,0.0,153.91263358778627,0.0,153.91263358778627,0.0,153.91263358778627,False
2016-12,1,1.0,21.8,1.0,21.8,1.0,21.8,1.0,21.8,False
2017-01,717,0.005578800557880056,156.01615062761508,0.008368200836820083,156.13175732217573,0.008368200836820083,156.13175732217573,0.016736401673640166,156.7324407252441,False
2017-02,1628,0.006142506142506142,144.09224815724815,0.007371007371007371,144.17805896805896,0.009213759213759214,144.38985257985257,0.016584766584766583,145.3464004914005,False
2017-03,2503,0.004794246903715541,143.59113863363964,0.0075908909308829405,143.9401558130244,0.01278465840990811,145.05218537754695,0.01797842588893328,146.00356771873754,False
2017-04,2256,0.006648936170212766,151.05940159574467,0.010638297872340425,151.5630984042553,0.012854609929078014,151.92713652482269,0.01950354609929078,153.00660017730496,False
2017-05,3451,0.008982903506230079,140.79040278180238,0.012749927557229788,141.18082584758042,0.015937409446537234,141.81599246595192,0.023471457548536655,143.23283396117068,False
2017-06,3037,0.005597629239380968,137.44306552518935,0.009878169245966415,137.9987191307211,0.01415870925255186,138.7194007243991,0.02304906157392163,139.9562923938097,False
2017-07,3752,0.007196162046908316,126.94525053304905,0.010927505330490405,127.47414978678039,0.01279317697228145,127.68768123667378,0.02025586353944563,128.64660181236675,False
2017-08,4057,0.006162188809465122,135.02212225782597,0.012324377618930245,135.86678087256595,0.014542765590337688,136.21246487552378,0.024895242790239094,137.43152329307372,False
2017-09,4004,0.00924075924075924,149.83858891108892,0.013236763236763236,150.52554945054945,0.017732267732267732,150.9532992007992,0.024975024975024976,152.30606393606394,False
2017-10,4328,0.006007393715341959,147.59646950092423,0.01178373382624769,148.24533964879853,0.012245841035120148,148.31598890942698,0.01756007393715342,148.99273798521259,False
2017-11,7060,0.00764872521246459,138.55362606232296,0.010623229461756374,139.0537549575071,0.013031161473087818,139.37074362606234,0.017847025495750707,140.0512563739377,False
2017-12,5338,0.003746721618583739,133.20962532783813,0.006556762832521544,133.505923566879,0.00992881228924691,133.91321468714875,0.016485575121768452,134.8113525665043,False
2018-01,6842,0.005407775504238527,132.85187518269512,0.008915521777258111,133.26342736042093,0.011984799766150248,133.68450160771707,0.017538731365097926,134.4473954983923,False
2018-02,6288,0.0057251908396946565,129.58503180661577,0.009064885496183206,130.03210718829519,0.011927480916030535,130.58630725190838,0.019083969465648856,131.5466634860051,False
2018-03,6774,0.00590493061706525,138.62225273103044,0.009152642456451136,139.00654118689107,0.01077649837614408,139.31414083259523,0.014762326542663124,139.78462503690582,False
2018-04,6582,0.007140686721361289,145.2307383773929,0.011698571862655728,145.77410513521727,0.013521725919173503,145.97627924642967,0.015952597994530537,146.19037222728653,False
2018-05,6506,0.00783891792191823,147.1206240393483,0.010759299108515216,147.70243160159853,0.013525976022133415,148.11813403012604,0.014140793114048571,148.15310175222874,False
2018-06,5878,0.004933650901667233,141.53278496087103,0.008506294658046955,141.8784875808098,0.00918679823069071,142.00586083701938,0.00918679823069071,142.00586083701938,False
2018-07,5949,0.007564296520423601,143.0966649857119,0.008572869389813415,143.1580820305934,0.008572869389813415,143.1580820305934,0.008572869389813415,143.1580820305934,False
2018-08,6144,0.0032552083333333335,133.47315755208334,0.0032552083333333335,133.47315755208334,0.0032552083333333335,133.47315755208334,0.0032552083333333335,133.47315755208334,False
