primary_category,total_orders,cancellation_rate,avg_installments,boleto_pct,high_inst_pct
Agro Industry And Commerce,182,0.0,3.3626373626373627,0.2802197802197802,0.2087912087912088
Air Conditioning,253,0.0,2.932806324110672,0.2134387351778656,0.1422924901185771
Art,201,0.0,2.1144278606965172,0.22388059701492538,0.03980099502487562
Arts And Craftmanship,23,0.0,1.7826086956521738,0.30434782608695654,0.08695652173913043
Audio,350,0.0,2.6885714285714286,0.2257142857142857,0.11714285714285715
Auto,3891,0.00025700334104343357,2.823438704703161,0.20123361603700848,0.11385248008224107
Baby,2870,0.0003484320557491289,2.949128919860627,0.17421602787456447,0.11672473867595819
Bed Bath Table,9385,0.0,3.596590303676079,0.17027171017581247,0.17581246670218434
Books General Interest,511,0.0,2.350293542074364,0.23483365949119372,0.07827788649706457
Books Imported,53,0.0,2.2452830188679247,0.22641509433962265,0.07547169811320754
Books Technical,260,0.0,2.080769230769231,0.24615384615384617,0.04230769230769231
Cds Dvds Musicals,12,0.0,2.8333333333333335,0.25,0.16666666666666666
Christmas Supplies,128,0.0,2.1484375,0.2265625,0.0546875
Cine Photo,65,0.0,2.4461538461538463,0.2923076923076923,0.046153846153846156
Computers,180,0.0,6.316666666666666,0.16111111111111112,0.45
Computers Accessories,6679,0.0,2.2166491989818837,0.25752358137445724,0.06483006438089535
Consoles Games,1060,0.0,2.647169811320755,0.21415094339622642,0.08867924528301886
Construction Tools Construction,743,0.0,3.4226110363391657,0.19380888290713325,0.18707940780619112
Construction Tools Lights,239,0.0,2.924686192468619,0.20502092050209206,0.11715481171548117
Construction Tools Safety,163,0.0,3.3435582822085887,0.2392638036809816,0.1901840490797546
Cool Stuff,3589,0.00027862914460852607,3.3466146558930063,0.1883533017553636,0.15547506269155753
Costruction Tools Garden,190,0.0,2.9368421052631577,0.19473684210526315,0.14736842105263157
Costruction Tools Tools,97,0.0,3.0412371134020617,0.21649484536082475,0.12371134020618557
Diapers And Hygiene,27,0.0,2.185185185185185,0.25925925925925924,0.037037037037037035
Drinks,295,0.0,1.7661016949152541,0.1694915254237288,0.03389830508474576
Dvds Blu Ray,58,0.0,1.9655172413793103,0.2413793103448276,0.05172413793103448
Electronics,2542,0.0003933910306845004,1.7466561762391817,0.23839496459480725,0.04917387883556255
Fashio Female Clothing,39,0.0,3.1025641025641026,0.28205128205128205,0.15384615384615385
Fashion Bags Accessories,1859,0.0,2.493813878429263,0.2087143625605164,0.064550833781603
Fashion Childrens Clothes,6,0.0,1.8333333333333333,0.3333333333333333,0.0
Fashion Male Clothing,112,0.0,2.732142857142857,0.16964285714285715,0.07142857142857142
Fashion Shoes,238,0.0,3.042016806722689,0.15126050420168066,0.10084033613445378
Fashion Sport,25,0.0,2.48,0.32,0.0
Fashion Underwear Beach,121,0.0,2.330578512396694,0.2066115702479339,0.05785123966942149
Fixed Telephony,217,0.0,2.622119815668203,0.22580645161290322,0.08294930875576037
Flowers,27,0.0,1.1111111111111112,0.2222222222222222,0.0
Food,445,0.0,1.9640449438202248,0.22247191011235956,0.04269662921348315
Food Drink,226,0.0,2.0,0.24336283185840707,0.04424778761061947
Furniture Bedroom,93,0.0,2.978494623655914,0.27956989247311825,0.0967741935483871
Furniture Decor,6350,0.0,3.0137007874015747,0.2078740157480315,0.12645669291338582
Furniture Living Room,411,0.0,3.4963503649635035,0.1897810218978102,0.18004866180048662
Furniture Mattress And Upholstery,38,0.0,3.473684210526316,0.15789473684210525,0.15789473684210525
Garden Tools,3479,0.0,2.932451853981029,0.2319632078183386,0.1304972693302673
Health Beauty,8810,0.0,3.049608355091384,0.1927355278093076,0.1318955732122588
Home Appliances,764,0.0,1.9581151832460733,0.17801047120418848,0.056282722513089
Home Appliances 2,233,0.0,4.493562231759657,0.1888412017167382,0.2875536480686695
Home Comfort 2,23,0.0,1.565217391304348,0.21739130434782608,0.043478260869565216
Home Confort,351,0.0,4.2250712250712255,0.17094017094017094,0.2535612535612536
Home Construction,467,0.0,3.428265524625268,0.17558886509635974,0.1777301927194861
Housewares,5812,0.0,2.9796971782518926,0.17773571920165177,0.12284927735719202
Industry Commerce And Business,232,0.0,2.6724137931034484,0.21551724137931033,0.09482758620689655
Kitchen Dining Laundry Garden Furniture,243,0.0,3.654320987654321,0.1934156378600823,0.20164609053497942
La Cuisine,11,0.0,4.7272727272727275,0.0,0.36363636363636365
Luggage Accessories,1026,0.0,3.4298245614035086,0.1539961013645224,0.15886939571150097
Market Place,270,0.0,2.7888888888888888,0.26296296296296295,0.11851851851851852
Music,37,0.0,3.0,0.24324324324324326,0.08108108108108109
Musical Instruments,623,0.0,3.548956661316212,0.21669341894060995,0.21348314606741572
Office Furniture,1263,0.0,3.6120348376880442,0.276326207442597,0.18527315914489312
Other,1389,0.0,2.5946724262059035,0.18934485241180707,0.08639308855291576
Party Supplies,38,0.0,2.0789473684210527,0.23684210526315788,0.05263157894736842
Pc Gamer,7,0.0,1.8571428571428572,0.2857142857142857,0.0
Perfumery,3145,0.0006359300476947536,3.2922098569157394,0.16915739268680446,0.14976152623211447
Pet Shop,1701,0.0,2.7207524985302762,0.18224573780129336,0.09876543209876543
Portateis Cozinha E Preparadores De Alimentos,14,0.0,2.0714285714285716,0.2857142857142857,0.07142857142857142
Security And Services,2,0.0,1.0,0.5,0.0
Signaling And Security,139,0.0,2.338129496402878,0.28776978417266186,0.09352517985611511
Small Appliances,625,0.0,3.5824,0.192,0.2096
Small Appliances Home Oven And Coffee,75,0.0,5.546666666666667,0.12,0.48
Sports Leisure,7668,0.0,2.481090245174752,0.20605112154407929,0.081377151799687
Stationery,2288,0.0,2.6569055944055946,0.17832167832167833,0.08697552447552448
Tablets Printing Image,76,0.0,3.289473684210526,0.2236842105263158,0.11842105263157894
Telephony,4177,0.0,2.246588460617668,0.2252813023701221,0.043093129039980846
Toys,3841,0.0,2.8948190575370996,0.1741733923457433,0.11351210622233793
Watches Gifts,5584,0.0,3.7763252148997135,0.16368194842406877,0.20970630372492838
